{
  "arm": {
    "mean": [
      0.21351908332672154,
      -0.7292796957594218,
      2.0349732361406443,
      -0.01877469915854796,
      -0.053615211041623964,
      -0.024073421107064952,
      0.5593317957905362,
      -0.39028794547225387,
      -0.08044165372653583,
      0.0670619559588697
    ],
    "scale": [
      2.8057066353627307,
      5.337758522076334,
      5.260305528064997,
      2.209016850647754,
      1.09972217121003,
      1.0276360599784562,
      0.41388218555920964,
      0.3347798938303484,
      0.3904001008737946,
      0.3097629656371022
    ]
  },
  "foot": {
    "mean": [
      0.010574246636450905,
      0.1752992180921307,
      0.0937285855242642,
      0.006717925580849823,
      0.07010377768652064,
      -0.0013325959630074138,
      -0.16034699207495692,
      -0.4501470572521925,
      -0.07095919949115656,
      0.6507768224572579
    ],
    "scale": [
      4.061820740172196,
      2.9106964588050723,
      4.812340468162417,
      0.6622741502519537,
      0.9991522815868603,
      1.1594355818525888,
      0.41829153883109593,
      0.3233153405839291,
      0.1251037554894227,
      0.23180703922817036
    ]
  },
  "features": [
    "ax",
    "ay",
    "az",
    "gx",
    "gy",
    "gz",
    "qw",
    "qx",
    "qy",
    "qz"
  ],
  "window_size": 100
}